,0,1
0,Patrick Group,Stand-alone high-level website for syndicate turn-key communities
1,Morales PLC,Programmable empowering info-mediaries for enhance best-of-breed paradigms
2,Berry and Sons,De-engineered 24hour neural-net for disintermediate distributed supply-chains
3,"Salazar, Elliott and Mclaughlin",Devolved systematic projection for expedite user-centric functionalities
4,Alexander LLC,Progressive zero administration standardization for facilitate enterprise deliverables
5,Mccarthy-Wilson,Progressive eco-centric help-desk for visualize out-of-the-box channels
6,Drake Inc,User-centric modular strategy for embrace frictionless infrastructures
7,Kim Group,Business-focused context-sensitive implementation for enable holistic interfaces
8,"Austin, Walton and Grant",Profound upward-trending protocol for envisioneer out-of-the-box platforms
9,Monroe-Smith,Vision-oriented background capacity for evolve plug-and-play deliverables
10,Bean-Moore,Persevering mobile circuit for engage viral vortals
11,Wood Ltd,Public-key client-driven protocol for productize plug-and-play info-mediaries
12,Wong Ltd,Cloned explicit throughput for enhance next-generation applications
13,"Powell, Fox and Love",Versatile 3rdgeneration matrices for monetize transparent platforms
14,Burke Inc,Quality-focused value-added collaboration for enable holistic infrastructures
15,Branch Ltd,Re-contextualized explicit neural-net for reinvent wireless web-readiness
16,Love LLC,Stand-alone local productivity for aggregate sticky supply-chains
17,Guerra-Porter,Fully-configurable client-driven help-desk for embrace global experiences
18,"Houston, Stewart and Simmons",Profound grid-enabled time-frame for e-enable B2C content
19,Terry and Sons,Configurable fault-tolerant Graphic Interface for incubate e-business systems
20,Evans-Williams,Programmable user-facing secured line for iterate leading-edge methodologies
21,Wagner-Chandler,Triple-buffered systemic archive for synthesize global ROI
22,Hall-Gray,Universal hybrid solution for facilitate compelling models
23,Valdez Inc,Digitized secondary Internet solution for seize holistic functionalities
24,Allen-Smith,Digitized responsive matrix for matrix best-of-breed schemas
25,"Cole, Garrett and Rodriguez",Intuitive zero-defect database for incubate impactful experiences
26,Nunez-Taylor,Robust zero-defect orchestration for drive back-end schemas
27,Gould LLC,Expanded bifurcated focus group for synergize killer models
28,Mendez Group,Multi-channeled homogeneous toolset for repurpose compelling web services
29,Villa-Gonzalez,Devolved object-oriented algorithm for utilize out-of-the-box web services
30,Davis Group,Public-key non-volatile portal for disintermediate impactful e-business
31,Davis LLC,Optional solution-oriented structure for enable clicks-and-mortar markets
32,"Duncan, Gross and Brown",Horizontal multi-tasking moderator for empower rich vortals
33,"Watson, Valenzuela and Brewer",Reverse-engineered reciprocal ability for utilize scalable e-business
34,Smith PLC,Extended 5thgeneration moratorium for optimize synergistic relationships
35,Rodriguez-Parks,Mandatory systemic access for productize rich infrastructures
36,Martinez-Smith,Upgradable tangible architecture for innovate impactful relationships
37,Soto-Ortiz,Persistent fresh-thinking analyzer for revolutionize bricks-and-clicks platforms
38,Stone-Johnston,Customer-focused 3rdgeneration benchmark for morph seamless deliverables
39,Garcia-Smith,Configurable static structure for disintermediate clicks-and-mortar relationships
40,"Dyer, Jones and Brewer",Customer-focused eco-centric Local Area Network for extend intuitive initiatives
41,Allen-Johnson,Re-contextualized full-range help-desk for expedite granular relationships
42,Jones LLC,Customer-focused incremental productivity for revolutionize front-end users
43,Williams-Thomas,Function-based client-server structure for innovate rich interfaces
44,Walker LLC,Team-oriented composite hub for incubate rich e-tailers
45,Lozano and Sons,Robust modular standardization for revolutionize customized content
46,Gonzalez Ltd,Persevering holistic time-frame for brand extensible markets
47,Cook-Le,User-friendly discrete standardization for optimize out-of-the-box e-services
48,Wright Ltd,Networked hybrid hardware for architect efficient systems
49,Cameron PLC,Configurable mission-critical initiative for revolutionize integrated infrastructures
