Name,Purpose
Hale Inc,Seamless 5thgeneration focus group for empower clicks-and-mortar schemas
Hobbs-Conrad,Stand-alone radical encoding for exploit impactful eyeballs
Miller and Sons,Managed global encoding for whiteboard seamless infrastructures
Neal-Dennis,Function-based well-modulated access for incubate web-enabled interfaces
Evans and Sons,Future-proofed executive collaboration for streamline frictionless supply-chains
Singleton-Murray,Ameliorated disintermediate customer loyalty for envisioneer bricks-and-clicks portals
"Davis, Henson and Chen",Profit-focused exuding moratorium for deliver next-generation partnerships
Glenn PLC,Monitored local intranet for architect front-end supply-chains
Williams-Levy,Cross-platform full-range array for mesh e-business functionalities
"Booker, Freeman and Wilson",Down-sized uniform info-mediaries for grow global info-mediaries
Washington LLC,Expanded analyzing instruction set for monetize holistic niches
Hopkins Inc,Quality-focused fault-tolerant intranet for grow distributed bandwidth
Frazier-Rodriguez,Reduced explicit throughput for redefine synergistic communities
"Hernandez, Oliver and Hoffman",Automated optimal standardization for enable viral metrics
"Harris, Mullen and Simon",Function-based 24hour flexibility for scale virtual metrics
Frederick-Bates,Team-oriented motivating task-force for brand customized content
"Smith, Rodriguez and Jacobson",Configurable context-sensitive interface for repurpose compelling markets
"Pollard, Anderson and Watson",Ameliorated transitional Local Area Network for generate dot-com e-commerce
"Bautista, Day and Petty",Front-line executive process improvement for facilitate bricks-and-clicks mindshare
Bradford-Hernandez,Grass-roots leadingedge task-force for drive ubiquitous e-tailers
Lynch Ltd,Persistent mission-critical Local Area Network for architect user-centric e-business
George-Gibson,Upgradable needs-based frame for iterate cross-platform e-tailers
Christian-Ortiz,Devolved mission-critical secured line for redefine cross-media technologies
Green and Sons,Persevering cohesive algorithm for enhance scalable ROI
"Johnson, Curtis and Lawrence",Ameliorated contextually-based support for target cross-media paradigms
Hoffman-Mejia,Re-contextualized optimizing secured line for seize cross-media functionalities
Cruz Ltd,Realigned exuding emulation for enable synergistic bandwidth
"Kelley, Miranda and Smith",Implemented bifurcated contingency for synergize front-end methodologies
Anderson Group,Optional zero tolerance paradigm for visualize clicks-and-mortar action-items
Murphy LLC,Self-enabling zero tolerance time-frame for cultivate web-enabled web services
Christian-Mooney,Synchronized composite policy for engineer impactful users
Mcdonald-Keller,Public-key 6thgeneration middleware for embrace killer action-items
"Mckay, Jackson and Allen",Visionary dynamic software for expedite web-enabled deliverables
Molina-Gonzalez,Decentralized national monitoring for empower web-enabled paradigms
"Figueroa, Green and Brown",Advanced uniform methodology for incentivize extensible paradigms
Reed-Mckinney,Realigned static solution for deliver cutting-edge e-services
Davis Ltd,Switchable bottom-line utilization for engage clicks-and-mortar users
Hamilton PLC,Balanced human-resource flexibility for grow enterprise platforms
Coleman-Steele,Persistent maximized projection for benchmark cutting-edge infrastructures
"Powell, Rodriguez and Lee",Universal user-facing conglomeration for seize revolutionary action-items
Gates-Taylor,Self-enabling methodical moderator for transform web-enabled initiatives
"Rowe, Pham and Gutierrez",Sharable solution-oriented algorithm for envisioneer B2C e-commerce
"Li, Payne and Williams",Up-sized even-keeled product for cultivate front-end communities
Klein and Sons,Devolved asymmetric definition for drive end-to-end supply-chains
"Cline, Jennings and Jackson",Configurable analyzing algorithm for re-intermediate robust systems
"Carter, Jackson and Stephens",Focused 3rdgeneration concept for enable transparent experiences
Hunt-Miles,Profound fresh-thinking flexibility for scale transparent functionalities
Harris-Johnson,Synergistic regional firmware for orchestrate visionary convergence
"Mccullough, Perez and Peterson",Optional global superstructure for revolutionize efficient paradigms
Dixon-Fitzpatrick,Intuitive responsive framework for drive killer models
